query_id,query_template,timestamp,execution_time_ms,frequency,tables,where_columns,join_columns,order_columns
Q004,"SELECT c.name, a.account_id FROM Customers c JOIN Accounts a ON c.customer_id = a.customer_id WHERE c.customer_id = %s;",2026-09-20T06:34:06Z,0.74,MEDIUM,Customers;Accounts,customer_id,customer_id,
Q002,SELECT * FROM Transactions WHERE txn_date BETWEEN %s AND %s;,2026-09-20T06:34:06Z,0.944,HIGH,Transactions,txn_date,,
Q002,SELECT * FROM Transactions WHERE txn_date BETWEEN %s AND %s;,2026-09-20T06:34:06Z,1.117,HIGH,Transactions,txn_date,,
Q003,SELECT * FROM Transactions WHERE account_id = %s ORDER BY txn_date DESC;,2026-09-20T06:34:06Z,1.232,MEDIUM,Transactions,account_id,,txn_date
Q001,SELECT * FROM Transactions WHERE account_id = %s;,2026-09-20T06:34:06Z,0.745,HIGH,Transactions,account_id,,
Q002,SELECT * FROM Transactions WHERE txn_date BETWEEN %s AND %s;,2026-09-20T06:34:06Z,0.637,HIGH,Transactions,txn_date,,
Q006,SELECT * FROM Customers WHERE branch_id = %s;,2026-09-20T06:34:06Z,0.642,LOW,Customers,branch_id,,
Q002,SELECT * FROM Transactions WHERE txn_date BETWEEN %s AND %s;,2026-09-20T06:34:06Z,0.554,HIGH,Transactions,txn_date,,
Q004,"SELECT c.name, a.account_id FROM Customers c JOIN Accounts a ON c.customer_id = a.customer_id WHERE c.customer_id = %s;",2026-09-20T06:34:06Z,0.545,MEDIUM,Customers;Accounts,customer_id,customer_id,
Q002,SELECT * FROM Transactions WHERE txn_date BETWEEN %s AND %s;,2026-09-20T06:34:06Z,0.633,HIGH,Transactions,txn_date,,
Q004,"SELECT c.name, a.account_id FROM Customers c JOIN Accounts a ON c.customer_id = a.customer_id WHERE c.customer_id = %s;",2026-09-20T06:34:06Z,0.582,MEDIUM,Customers;Accounts,customer_id,customer_id,
Q004,"SELECT c.name, a.account_id FROM Customers c JOIN Accounts a ON c.customer_id = a.customer_id WHERE c.customer_id = %s;",2026-09-20T06:34:06Z,0.568,MEDIUM,Customers;Accounts,customer_id,customer_id,
Q005,SELECT * FROM Loans WHERE customer_id = %s;,2026-09-20T06:34:06Z,0.484,MEDIUM,Loans,customer_id,,
Q001,SELECT * FROM Transactions WHERE account_id = %s;,2026-09-20T06:34:06Z,0.66,HIGH,Transactions,account_id,,
Q005,SELECT * FROM Loans WHERE customer_id = %s;,2026-09-20T06:34:06Z,0.532,MEDIUM,Loans,customer_id,,
Q003,SELECT * FROM Transactions WHERE account_id = %s ORDER BY txn_date DESC;,2026-09-20T06:34:06Z,0.638,MEDIUM,Transactions,account_id,,txn_date
Q001,SELECT * FROM Transactions WHERE account_id = %s;,2026-09-20T06:34:06Z,0.553,HIGH,Transactions,account_id,,
Q004,"SELECT c.name, a.account_id FROM Customers c JOIN Accounts a ON c.customer_id = a.customer_id WHERE c.customer_id = %s;",2026-09-20T06:34:06Z,0.504,MEDIUM,Customers;Accounts,customer_id,customer_id,
Q001,SELECT * FROM Transactions WHERE account_id = %s;,2026-09-20T06:34:06Z,0.577,HIGH,Transactions,account_id,,
Q003,SELECT * FROM Transactions WHERE account_id = %s ORDER BY txn_date DESC;,2026-09-20T06:34:06Z,0.57,MEDIUM,Transactions,account_id,,txn_date
Q005,SELECT * FROM Loans WHERE customer_id = %s;,2026-09-20T06:34:06Z,0.573,MEDIUM,Loans,customer_id,,
Q004,"SELECT c.name, a.account_id FROM Customers c JOIN Accounts a ON c.customer_id = a.customer_id WHERE c.customer_id = %s;",2026-09-20T06:34:06Z,0.579,MEDIUM,Customers;Accounts,customer_id,customer_id,
Q001,SELECT * FROM Transactions WHERE account_id = %s;,2026-09-20T06:34:06Z,0.556,HIGH,Transactions,account_id,,
Q002,SELECT * FROM Transactions WHERE txn_date BETWEEN %s AND %s;,2026-09-20T06:34:06Z,0.732,HIGH,Transactions,txn_date,,
Q004,"SELECT c.name, a.account_id FROM Customers c JOIN Accounts a ON c.customer_id = a.customer_id WHERE c.customer_id = %s;",2026-09-20T06:34:06Z,0.531,MEDIUM,Customers;Accounts,customer_id,customer_id,
Q003,SELECT * FROM Transactions WHERE account_id = %s ORDER BY txn_date DESC;,2026-09-20T06:34:06Z,0.746,MEDIUM,Transactions,account_id,,txn_date
Q004,"SELECT c.name, a.account_id FROM Customers c JOIN Accounts a ON c.customer_id = a.customer_id WHERE c.customer_id = %s;",2026-09-20T06:34:06Z,0.551,MEDIUM,Customers;Accounts,customer_id,customer_id,
Q003,SELECT * FROM Transactions WHERE account_id = %s ORDER BY txn_date DESC;,2026-09-20T06:34:06Z,0.7,MEDIUM,Transactions,account_id,,txn_date
Q002,SELECT * FROM Transactions WHERE txn_date BETWEEN %s AND %s;,2026-09-20T06:34:06Z,0.722,HIGH,Transactions,txn_date,,
Q003,SELECT * FROM Transactions WHERE account_id = %s ORDER BY txn_date DESC;,2026-09-20T06:34:06Z,0.827,MEDIUM,Transactions,account_id,,txn_date
Q005,SELECT * FROM Loans WHERE customer_id = %s;,2026-09-20T06:34:06Z,0.598,MEDIUM,Loans,customer_id,,
Q002,SELECT * FROM Transactions WHERE txn_date BETWEEN %s AND %s;,2026-09-20T06:34:06Z,0.624,HIGH,Transactions,txn_date,,
Q002,SELECT * FROM Transactions WHERE txn_date BETWEEN %s AND %s;,2026-09-20T06:34:06Z,0.721,HIGH,Transactions,txn_date,,
Q001,SELECT * FROM Transactions WHERE account_id = %s;,2026-09-20T06:34:06Z,0.64,HIGH,Transactions,account_id,,
Q002,SELECT * FROM Transactions WHERE txn_date BETWEEN %s AND %s;,2026-09-20T06:34:06Z,0.576,HIGH,Transactions,txn_date,,
Q001,SELECT * FROM Transactions WHERE account_id = %s;,2026-09-20T06:34:06Z,0.515,HIGH,Transactions,account_id,,
Q007,"SELECT DATE_FORMAT(txn_date, '%Y-%m') AS month, COUNT(*) AS txn_count, SUM(amount) AS txn_total FROM Transactions WHERE txn_date BETWEEN %s AND %s GROUP BY DATE_FORMAT(txn_date, '%Y-%m') ORDER BY month;",2026-09-20T06:34:06Z,0.688,LOW,Transactions,txn_date,,month
Q001,SELECT * FROM Transactions WHERE account_id = %s;,2026-09-20T06:34:06Z,0.561,HIGH,Transactions,account_id,,
Q001,SELECT * FROM Transactions WHERE account_id = %s;,2026-09-20T06:34:06Z,0.584,HIGH,Transactions,account_id,,
Q004,"SELECT c.name, a.account_id FROM Customers c JOIN Accounts a ON c.customer_id = a.customer_id WHERE c.customer_id = %s;",2026-09-20T06:34:06Z,0.518,MEDIUM,Customers;Accounts,customer_id,customer_id,
Q003,SELECT * FROM Transactions WHERE account_id = %s ORDER BY txn_date DESC;,2026-09-20T06:34:06Z,0.595,MEDIUM,Transactions,account_id,,txn_date
Q004,"SELECT c.name, a.account_id FROM Customers c JOIN Accounts a ON c.customer_id = a.customer_id WHERE c.customer_id = %s;",2026-09-20T06:34:06Z,0.516,MEDIUM,Customers;Accounts,customer_id,customer_id,
Q003,SELECT * FROM Transactions WHERE account_id = %s ORDER BY txn_date DESC;,2026-09-20T06:34:06Z,0.675,MEDIUM,Transactions,account_id,,txn_date
Q005,SELECT * FROM Loans WHERE customer_id = %s;,2026-09-20T06:34:06Z,0.472,MEDIUM,Loans,customer_id,,
Q005,SELECT * FROM Loans WHERE customer_id = %s;,2026-09-20T06:34:06Z,0.486,MEDIUM,Loans,customer_id,,
Q001,SELECT * FROM Transactions WHERE account_id = %s;,2026-09-20T06:34:06Z,0.52,HIGH,Transactions,account_id,,
Q002,SELECT * FROM Transactions WHERE txn_date BETWEEN %s AND %s;,2026-09-20T06:34:06Z,0.698,HIGH,Transactions,txn_date,,
Q001,SELECT * FROM Transactions WHERE account_id = %s;,2026-09-20T06:34:06Z,0.704,HIGH,Transactions,account_id,,
Q004,"SELECT c.name, a.account_id FROM Customers c JOIN Accounts a ON c.customer_id = a.customer_id WHERE c.customer_id = %s;",2026-09-20T06:34:06Z,0.505,MEDIUM,Customers;Accounts,customer_id,customer_id,
Q001,SELECT * FROM Transactions WHERE account_id = %s;,2026-09-20T06:34:06Z,0.534,HIGH,Transactions,account_id,,
Q005,SELECT * FROM Loans WHERE customer_id = %s;,2026-09-20T06:34:06Z,0.449,MEDIUM,Loans,customer_id,,
Q005,SELECT * FROM Loans WHERE customer_id = %s;,2026-09-20T06:34:06Z,0.514,MEDIUM,Loans,customer_id,,
Q002,SELECT * FROM Transactions WHERE txn_date BETWEEN %s AND %s;,2026-09-20T06:34:06Z,0.549,HIGH,Transactions,txn_date,,
Q004,"SELECT c.name, a.account_id FROM Customers c JOIN Accounts a ON c.customer_id = a.customer_id WHERE c.customer_id = %s;",2026-09-20T06:34:06Z,0.534,MEDIUM,Customers;Accounts,customer_id,customer_id,
Q006,SELECT * FROM Customers WHERE branch_id = %s;,2026-09-20T06:34:06Z,0.546,LOW,Customers,branch_id,,
Q005,SELECT * FROM Loans WHERE customer_id = %s;,2026-09-20T06:34:06Z,0.461,MEDIUM,Loans,customer_id,,
Q007,"SELECT DATE_FORMAT(txn_date, '%Y-%m') AS month, COUNT(*) AS txn_count, SUM(amount) AS txn_total FROM Transactions WHERE txn_date BETWEEN %s AND %s GROUP BY DATE_FORMAT(txn_date, '%Y-%m') ORDER BY month;",2026-09-20T06:34:06Z,0.748,LOW,Transactions,txn_date,,month
Q004,"SELECT c.name, a.account_id FROM Customers c JOIN Accounts a ON c.customer_id = a.customer_id WHERE c.customer_id = %s;",2026-09-20T06:34:06Z,0.487,MEDIUM,Customers;Accounts,customer_id,customer_id,
Q004,"SELECT c.name, a.account_id FROM Customers c JOIN Accounts a ON c.customer_id = a.customer_id WHERE c.customer_id = %s;",2026-09-20T06:34:06Z,0.514,MEDIUM,Customers;Accounts,customer_id,customer_id,
Q002,SELECT * FROM Transactions WHERE txn_date BETWEEN %s AND %s;,2026-09-20T06:34:06Z,0.544,HIGH,Transactions,txn_date,,
Q002,SELECT * FROM Transactions WHERE txn_date BETWEEN %s AND %s;,2026-09-20T06:34:06Z,0.496,HIGH,Transactions,txn_date,,
Q001,SELECT * FROM Transactions WHERE account_id = %s;,2026-09-20T06:34:06Z,0.53,HIGH,Transactions,account_id,,
Q002,SELECT * FROM Transactions WHERE txn_date BETWEEN %s AND %s;,2026-09-20T06:34:06Z,0.584,HIGH,Transactions,txn_date,,
Q005,SELECT * FROM Loans WHERE customer_id = %s;,2026-09-20T06:34:06Z,0.487,MEDIUM,Loans,customer_id,,
Q007,"SELECT DATE_FORMAT(txn_date, '%Y-%m') AS month, COUNT(*) AS txn_count, SUM(amount) AS txn_total FROM Transactions WHERE txn_date BETWEEN %s AND %s GROUP BY DATE_FORMAT(txn_date, '%Y-%m') ORDER BY month;",2026-09-20T06:34:06Z,0.631,LOW,Transactions,txn_date,,month
Q005,SELECT * FROM Loans WHERE customer_id = %s;,2026-09-20T06:34:06Z,0.582,MEDIUM,Loans,customer_id,,
Q003,SELECT * FROM Transactions WHERE account_id = %s ORDER BY txn_date DESC;,2026-09-20T06:34:06Z,0.608,MEDIUM,Transactions,account_id,,txn_date
Q002,SELECT * FROM Transactions WHERE txn_date BETWEEN %s AND %s;,2026-09-20T06:34:06Z,0.641,HIGH,Transactions,txn_date,,
Q004,"SELECT c.name, a.account_id FROM Customers c JOIN Accounts a ON c.customer_id = a.customer_id WHERE c.customer_id = %s;",2026-09-20T06:34:06Z,0.667,MEDIUM,Customers;Accounts,customer_id,customer_id,
Q005,SELECT * FROM Loans WHERE customer_id = %s;,2026-09-20T06:34:06Z,0.547,MEDIUM,Loans,customer_id,,
Q001,SELECT * FROM Transactions WHERE account_id = %s;,2026-09-20T06:34:06Z,0.534,HIGH,Transactions,account_id,,
Q001,SELECT * FROM Transactions WHERE account_id = %s;,2026-09-20T06:34:06Z,0.516,HIGH,Transactions,account_id,,
Q002,SELECT * FROM Transactions WHERE txn_date BETWEEN %s AND %s;,2026-09-20T06:34:06Z,0.71,HIGH,Transactions,txn_date,,
Q005,SELECT * FROM Loans WHERE customer_id = %s;,2026-09-20T06:34:06Z,0.654,MEDIUM,Loans,customer_id,,
Q005,SELECT * FROM Loans WHERE customer_id = %s;,2026-09-20T06:34:06Z,0.58,MEDIUM,Loans,customer_id,,
Q004,"SELECT c.name, a.account_id FROM Customers c JOIN Accounts a ON c.customer_id = a.customer_id WHERE c.customer_id = %s;",2026-09-20T06:34:06Z,0.576,MEDIUM,Customers;Accounts,customer_id,customer_id,
Q003,SELECT * FROM Transactions WHERE account_id = %s ORDER BY txn_date DESC;,2026-09-20T06:34:06Z,0.62,MEDIUM,Transactions,account_id,,txn_date
Q003,SELECT * FROM Transactions WHERE account_id = %s ORDER BY txn_date DESC;,2026-09-20T06:34:06Z,0.56,MEDIUM,Transactions,account_id,,txn_date
Q005,SELECT * FROM Loans WHERE customer_id = %s;,2026-09-20T06:34:06Z,0.556,MEDIUM,Loans,customer_id,,
Q003,SELECT * FROM Transactions WHERE account_id = %s ORDER BY txn_date DESC;,2026-09-20T06:34:06Z,0.595,MEDIUM,Transactions,account_id,,txn_date
Q001,SELECT * FROM Transactions WHERE account_id = %s;,2026-09-20T06:34:06Z,0.564,HIGH,Transactions,account_id,,
Q001,SELECT * FROM Transactions WHERE account_id = %s;,2026-09-20T06:34:06Z,0.586,HIGH,Transactions,account_id,,
Q005,SELECT * FROM Loans WHERE customer_id = %s;,2026-09-20T06:34:06Z,0.909,MEDIUM,Loans,customer_id,,
Q004,"SELECT c.name, a.account_id FROM Customers c JOIN Accounts a ON c.customer_id = a.customer_id WHERE c.customer_id = %s;",2026-09-20T06:34:06Z,0.639,MEDIUM,Customers;Accounts,customer_id,customer_id,
Q005,SELECT * FROM Loans WHERE customer_id = %s;,2026-09-20T06:34:06Z,0.51,MEDIUM,Loans,customer_id,,
Q001,SELECT * FROM Transactions WHERE account_id = %s;,2026-09-20T06:34:06Z,0.626,HIGH,Transactions,account_id,,
Q002,SELECT * FROM Transactions WHERE txn_date BETWEEN %s AND %s;,2026-09-20T06:34:06Z,0.701,HIGH,Transactions,txn_date,,
Q002,SELECT * FROM Transactions WHERE txn_date BETWEEN %s AND %s;,2026-09-20T06:34:06Z,0.555,HIGH,Transactions,txn_date,,
Q002,SELECT * FROM Transactions WHERE txn_date BETWEEN %s AND %s;,2026-09-20T06:34:06Z,0.635,HIGH,Transactions,txn_date,,
Q005,SELECT * FROM Loans WHERE customer_id = %s;,2026-09-20T06:34:06Z,0.578,MEDIUM,Loans,customer_id,,
Q001,SELECT * FROM Transactions WHERE account_id = %s;,2026-09-20T06:34:06Z,0.55,HIGH,Transactions,account_id,,
Q001,SELECT * FROM Transactions WHERE account_id = %s;,2026-09-20T06:34:06Z,0.632,HIGH,Transactions,account_id,,
Q001,SELECT * FROM Transactions WHERE account_id = %s;,2026-09-20T06:34:06Z,0.478,HIGH,Transactions,account_id,,
Q003,SELECT * FROM Transactions WHERE account_id = %s ORDER BY txn_date DESC;,2026-09-20T06:34:06Z,0.566,MEDIUM,Transactions,account_id,,txn_date
Q001,SELECT * FROM Transactions WHERE account_id = %s;,2026-09-20T06:34:06Z,0.556,HIGH,Transactions,account_id,,
Q005,SELECT * FROM Loans WHERE customer_id = %s;,2026-09-20T06:34:06Z,0.513,MEDIUM,Loans,customer_id,,
Q003,SELECT * FROM Transactions WHERE account_id = %s ORDER BY txn_date DESC;,2026-09-20T06:34:06Z,0.552,MEDIUM,Transactions,account_id,,txn_date
Q002,SELECT * FROM Transactions WHERE txn_date BETWEEN %s AND %s;,2026-09-20T06:34:06Z,0.547,HIGH,Transactions,txn_date,,
Q004,"SELECT c.name, a.account_id FROM Customers c JOIN Accounts a ON c.customer_id = a.customer_id WHERE c.customer_id = %s;",2026-09-20T06:34:06Z,1.037,MEDIUM,Customers;Accounts,customer_id,customer_id,
Q001,SELECT * FROM Transactions WHERE account_id = %s;,2026-09-20T06:34:06Z,0.579,HIGH,Transactions,account_id,,
